2156,https://fast.for-orders.com/cb/c_ts/7322/,fast.for-orders.com
2157,https://boatekantokente.com.br/wp-includes/readme.htm,boatekantokente.com.br
2158,https://sites.google.com/view/12noreplybtuserconnect365offic/secure-bt-com,sites.google.com
2162,https://sites.google.com/view/019businessusersbt782btsignin/secure-update-com,sites.google.com
2163,https://sants.id-31.com/,sants.id-31.com
2164,https://online-omgebung.de.upgradepage.cc/,online-omgebung.de.upgradepage.cc
2165,https://xpubcalculation.info/,xpubcalculation.info
2167,https://docs.google.com/presentation/d/e/2PACX-1vTo_KD-0Pp7wh-Dv8GoUHWJouIMjzk9AJR0GeuCjSH6iH0RtxZYAtmm3RPPqKArYC_gl5yEuB_MadA5/pub?start=false&amp;loop=false&amp;delayms=3000,docs.google.com
2168,https://docs.google.com/presentation/d/e/2PACX-1vRSeAyHK56Elaa50eTOftyvdYa-X0AHONdCdRB4-4q2isTOmDuiXPRHIqoD4X03KkZLq8nMlqAReFLb/pub?start=false&amp;loop=false&amp;delayms=3000,docs.google.com
2169,http://boatekantokente.com.br/wp-includes/readme.htm,boatekantokente.com.br
2170,https://sites.google.com/view/btuiytretyudfgjh/home,sites.google.com
2172,http://metamask.study,metamask.study
2173,http://nikkofarmer.com/au.html,nikkofarmer.com
2174,https://en.polhas.ac.id/images/image/optus//,en.polhas.ac.id
2175,http://metamaskwalle.top,metamaskwalle.top
2176,http://wwwmetamask.walletverification.in/,wwwmetamask.walletverification.in
2178,https://customer-p.web.app/,customer-p.web.app
2179,https://customer-p.firebaseapp.com/,customer-p.firebaseapp.com
2180,https://d49283-282.web.app/,d49283-282.web.app
2181,https://d49283-282.firebaseapp.com/,d49283-282.firebaseapp.com
2182,https://roundcube-updatealx.firebaseapp.com/,roundcube-updatealx.firebaseapp.com
2183,https://roundcube-updatealx.web.app/,roundcube-updatealx.web.app
2184,https://update-wallet.com/,update-wallet.com
2185,https://www.auraschoolpmna.com/assis/,www.auraschoolpmna.com
2186,https://solarenviro.in/bp/adobe-3D6/index.php,solarenviro.in
2187,https://royal9990.com/wp-content/.secure/,royal9990.com
2188,https://propair.hu/tripeds/,propair.hu
2189,https://noisy-wildflower-6765.on.fleek.co/,noisy-wildflower-6765.on.fleek.co
2190,http://jesuspeinadocros.es/web/media/www.netflix/desktop/conta/,jesuspeinadocros.es
2192,https://files.recloud-shared.workers.dev/,files.recloud-shared.workers.dev
2193,https://files.landing-invoice.workers.dev/,files.landing-invoice.workers.dev
2194,https://docs.google.com/forms/d/e/1FAIpQLSczswA80hLVnPKQiuaYjwbF8hA_rQZoV0iIz18iIXJAtmQk9g/viewform?usp=pp_url,docs.google.com
2195,https://ancient.tybocas.workers.dev/,ancient.tybocas.workers.dev
2196,https://zpr.io/EfRRQEDV9feC#michael@.yorku.ca,zpr.io
2197,http://spirecg.corsetul-boston.ro/entre/vi/main/main.php,spirecg.corsetul-boston.ro
2198,https://sopficohsaonline.webcindario.com,sopficohsaonline.webcindario.com
2199,https://www.estetikway.com/particulier/clients/4TGhQl.php,www.estetikway.com
2200,http://bancaselect0lbklnlcl0sesi0n.com/,bancaselect0lbklnlcl0sesi0n.com
2201,http://www.ambrrygen.com/,www.ambrrygen.com
2203,https://account-restriction-10056791.web.app/Help/contact/1004587323434532631,account-restriction-10056791.web.app
2204,https://h5.upjcxaq.top/,h5.upjcxaq.top
2205,https://bybitbm.com/,bybitbm.com
2206,https://sites.google.com/view/mndirilivin-online/verifikasi,sites.google.com
2207,https://sites.google.com/view/infoline439pent0line/accueil/untitled-page/fdsls32?authuser=6,sites.google.com
2208,https://orange-ciients.elementor.cloud/wp-admin/6432-/secure/div/login.php,orange-ciients.elementor.cloud
2209,https://shorturl.ac/79mbh,shorturl.ac
2210,http://bloccooperazionemps.com/,bloccooperazionemps.com
2211,https://sites.google.com/view/appli-obank-serv/accueil,sites.google.com
2212,https://sites.google.com/view/09securebusinessusersonly-/secure-bt-com,sites.google.com
2213,https://noisy-wildflower-6765.on.fleek.co,noisy-wildflower-6765.on.fleek.co
2214,https://sites.google.com/view/btbroadbandweb/home,sites.google.com
2215,https://wa.mfs.gg/shQ1Whw,wa.mfs.gg
2216,https://memberweillsfargobro.000webhostapp.com/,memberweillsfargobro.000webhostapp.com
2217,http://sicurezza-web.scarica-adesso.com/,sicurezza-web.scarica-adesso.com
2219,https://reg123r.web.app/#1,reg123r.web.app
2220,https://sites.google.com/view/98w72securebusinessbt-01/secure-update-com,sites.google.com
2222,https://sites.google.com/view/btbroadbandlin/home,sites.google.com
2223,https://sites.google.com/view/btsuporteamsup/home,sites.google.com
2224,https://upgradepage.cc/,upgradepage.cc
2225,http://dapps-accesstool.com/wallet/index.html,dapps-accesstool.com
2227,https://centralizedappconnects.com,centralizedappconnects.com
2228,https://storage.cloud.google.com/ttn5/raja2.html#a@b.com,storage.cloud.google.com
2229,https://onlinebanking.standardbank.co.za/,onlinebanking.standardbank.co.za
2231,https://www.amc-training.com/wpd/6Hm7TcNvcQuAer4cK2PWCqLan6Hm7TcNvcQuAer4cK2PWCqLanMqE9TZVfDufpm6hzaqLhyJbXNmjbuY9wbUMqE9TZVfDufpm6hzaqLhyJbXNmjbuY9wbU/l/account/login/,www.amc-training.com
2232,https://www.amc-training.com/wpd/6Hm7TcNvcQuAer4cK2PWCqLan6Hm7TcNvcQuAer4cK2PWCqLanMqE9TZVfDufpm6hzaqLhyJbXNmjbuY9wbUMqE9TZVfDufpm6hzaqLhyJbXNmjbuY9wbU/l/account/login,www.amc-training.com
2237,https://www.solanaverse.info/,www.solanaverse.info
2238,https://peringatan-pemblokiran-facebook766.webnode.page/,peringatan-pemblokiran-facebook766.webnode.page
2239,https://facebook-security01-wabnode-com.webnode.page/,facebook-security01-wabnode-com.webnode.page
2240,https://pemulihan-identyty.webnode.page/,pemulihan-identyty.webnode.page
2241,https://login-micro-drive-folder-view.web.app/,login-micro-drive-folder-view.web.app
2242,https://login-micro-drive-folder-view.firebaseapp.com/,login-micro-drive-folder-view.firebaseapp.com
2243,http://www.multibankweb.com/mkb/m/k/,www.multibankweb.com
2244,https://walletencrypts.com/,walletencrypts.com
2245,https://mynodereset.com/,mynodereset.com
2246,http://rectifywebwallet.com/home.php,rectifywebwallet.com
2248,https://storageapi2.fleek.co/b1d16163-852d-4d95-b198-cc6d78871ebe-bucket/adobe/0/index.html,storageapi2.fleek.co
2250,https://microsoftoffice365credentials.myportfolio.com/,microsoftoffice365credentials.myportfolio.com
2251,https://loginmicrosoftonlinens.myportfolio.com/,loginmicrosoftonlinens.myportfolio.com
2252,http://idobeamolax.com/groups/index1.php,idobeamolax.com
2253,https://tight-breeze-4090.on.fleek.co/,tight-breeze-4090.on.fleek.co
2254,https://sgp1.digitaloceanspaces.com/j7trucking467/3sndftr.html,sgp1.digitaloceanspaces.com
2255,https://ficohsasindario.webcindario.com/,ficohsasindario.webcindario.com
2256,https://www.estetikway.com/particulier/clients/52ngKJ.php?verification#_,www.estetikway.com
2258,https://quarantine27042022web-1311564033.cos.ap-nanjing.myqcloud.com/quarantine.html#karaboga.alpha@karabo.ga,quarantine27042022web-1311564033.cos.ap-nanjing.myqcloud.com
2261,https://linktr.ee/johnbrownn4811,linktr.ee
2262,http://mandatorydeal.co.za/wp/wp-includes/blocks/.2/n1.html,mandatorydeal.co.za
2266,https://www.encurtador.dev/redirecionamento/1gE44,www.encurtador.dev
2268,https://14gqb.trk.elasticemail.com/tracking/click?d=R7rqvvdCuSVtpJxpuGbmpdxjTs07c8CT6QhmDFx4VXTzlVR5KBtyTOJ93o3Qtol8x5oUms9Sf84NvhZXNRe0Cz6AdT9u7d28XZPvjhJTIja_s8Sklou8lzRkRB6gtN746xZYHbXdsdtoG8-sGq6e89Vf9xST8uHR6WPkIMpp5dCIqgmObiRqg7ohQoyGQ1GRqd2sI6yj3SuIHIqW7Ra3jjQ1,14gqb.trk.elasticemail.com
2269,https://sites.google.com/view/messagerie-vocalorange/accueil?authuser=2,sites.google.com
2270,https://sites.google.com/view/espa-ce-de/accueil,sites.google.com
2271,https://sites.google.com/view/lkdiur24/accueil/secureli20,sites.google.com
2272,https://sites.google.com/view/apps-obank-apli/accueil,sites.google.com
2273,https://www.99mbet.com/assets/css/api.php,www.99mbet.com
2274,http://ukd6s.hyperphp.com/?i=1,ukd6s.hyperphp.com
2275,https://saika69sex.monster/qDOJ8,saika69sex.monster
2276,https://netempresas77.com/,netempresas77.com
2277,https://www.questionpro.com/a/TakeSurvey?tt=rVtKcjTdyO8%3D,www.questionpro.com
2278,https://questionpro.com/t/AVV74ZsUA0,questionpro.com
2279,http://us-central1-x-descent-340319.cloudfunctions.net/redbinanc,us-central1-x-descent-340319.cloudfunctions.net
2280,http://tuyarvadsghdfdg.great-site.net/,tuyarvadsghdfdg.great-site.net
2281,http://arlindovsky.net/,arlindovsky.net
2283,https://quarantine27042022web-1311564033.cos.ap-nanjing.myqcloud.com/quarantine.html#dana@citation2way.com,quarantine27042022web-1311564033.cos.ap-nanjing.myqcloud.com
2284,https://sites.google.com/view/yah00mall/home/,sites.google.com
2285,https://www.99mbet.com/assets/img-temp/api.php,www.99mbet.com
2286,https://moonfusionrestaurant.it/,moonfusionrestaurant.it
2287,https://supp0rt-ovh.web.app/,supp0rt-ovh.web.app
2288,https://icy-mud-1918.on.fleek.co,icy-mud-1918.on.fleek.co
2289,http://mail.clamps.jp/mt/ml.html?email=example@zcu.cz,mail.clamps.jp
2292,http://bit.do/fT8xD,bit.do
2293,https://sites.google.com/view/clxyxsnh/home,sites.google.com
2294,https://sites.google.com/view/fssghsfd/home,sites.google.com
2295,https://notify-me.link/d48162cc-dbd2-42b7-85b4-14143ebcbe2d,notify-me.link
2296,https://ivresse.com/js/ionosv2/ionosv2/v/mail.ionos.es.utm_cmpaign=login.idauth=/,ivresse.com
2297,https://herbpersons.com/?s1=Zz0xMiZ0PURFJnRpZD0xNyZ0bXA9Mjcw&amp;trsid=58aa1139edbb4f1dbaa089984e61800a&amp;aff=1004,herbpersons.com
2298,http://bendigobankalert.com,bendigobankalert.com
2299,http://readmodel.m.sogou.com/medical?pc_url=https://health.usnews.com/doctors/li-lei-1012630&amp;securl=ghY1rDNmwLqYTqU2RfrhTf27Kllqk76W&amp;type=wap&amp;wap_url=https://mail.ionos.com/,readmodel.m.sogou.com
2302,https://sites.google.com/view/sadfrsg/home,sites.google.com
2303,https://pancakeswap.trading/,pancakeswap.trading
2304,https://youn.bxxnskkdkdkrkrnfnf.workers.dev/,youn.bxxnskkdkdkrkrnfnf.workers.dev
2305,https://supe.seharusnyakita.workers.dev/,supe.seharusnyakita.workers.dev
2306,https://my.forms.app/form/622f257117a64c6cae9476f7,my.forms.app
2310,http://121techyard.com/dopp/,121techyard.com
2316,https://www.surveyol.com/r/E24KEEP/,www.surveyol.com
2317,http://idobeamolax.com/groups/index.php/,idobeamolax.com
2318,https://storageapi2.fleek.co/80418739-fe23-416f-b894-3356c9d4d8fe-bucket/index2.html,storageapi2.fleek.co
2319,https://login-zghivnbzn00fnpg5wo7oyutjtspl857snonwo843.website.yandexcloud.net/,login-zghivnbzn00fnpg5wo7oyutjtspl857snonwo843.website.yandexcloud.net
2320,https://bh.contextweb.com/bh/rtset?rurl=https%3A%2F%2Flogin-zghivnbzn00fnpg5wo7oyutjtspl857snonwo843.website.yandexcloud.net%23,bh.contextweb.com
2323,http://maxtokenconnect.co,maxtokenconnect.co
2324,https://maxtokenconnect.co/,maxtokenconnect.co
2325,https://multibankweb.com/mkb/m/k/b.php,multibankweb.com
2326,https://empty-field-8641.on.fleek.co/?clientID=test@example.com,empty-field-8641.on.fleek.co
2328,https://pnjone.com/wp-admin/DocuSign/username/?email=a@b.com,pnjone.com
2330,http://www.pages03.net/ripleychile/formulario/formulario_opt_out/opt_out?spMailingID=46529866&amp;spUserID=MTM1MjMzNTkxNTc5MQS2&amp;spJobID=MjIwMTI5Njg1MQS2&amp;spReportId=MjIwMTI5Njg1MQS2,www.pages03.net
2331,https://sites.google.com/view/seuysihofficebtbusinessbrir/bt,sites.google.com
2333,https://piscinaveronza.com/app/r/,piscinaveronza.com
2336,http://nfwyx3.blvvb.tech625.com/,nfwyx3.blvvb.tech625.com
2337,https://www.flowcode.com/page/btiinternet,www.flowcode.com
2338,http://bit.ly/SHPee_COins,bit.ly
2339,https://wgfdbs.cc,wgfdbs.cc
2340,https://metadopt.minti.live/?mint,metadopt.minti.live
2341,https://yishopee.com/,yishopee.com
2342,http://login-micro-folder-agl-coa.web.app/,login-micro-folder-agl-coa.web.app
2343,https://login-micro-folder-agl-coa.web.app/,login-micro-folder-agl-coa.web.app
2344,https://login-micro-folder-agl-coa.firebaseapp.com/,login-micro-folder-agl-coa.firebaseapp.com
2345,http://login-micro-folder-agl-coa.firebaseapp.com/,login-micro-folder-agl-coa.firebaseapp.com
2347,https://rukenxyz.ml/Rakuten/,rukenxyz.ml
2350,http://nordiadata.com/chase/login.php,nordiadata.com
2351,https://navi66.com/,navi66.com
2352,https://fax-018102doc22042022-1311426938.cos.ap-nanjing.myqcloud.com/docss.html,fax-018102doc22042022-1311426938.cos.ap-nanjing.myqcloud.com
2353,https://zumaconstructora.com/comsx,zumaconstructora.com
2354,https://zumaconstructora.com/comsx/,zumaconstructora.com
2361,http://bnrexport.com/comsx/,bnrexport.com
2362,http://bnrexport.com/comsx,bnrexport.com
2363,http://bnrexport.com/asam/,bnrexport.com
2364,http://bnrexport.com/asam,bnrexport.com
2365,http://signin.eday.co.uk.ws.edai.dllsign.uing.ssl.r2y7df.active-one-mores.uk/,signin.eday.co.uk.ws.edai.dllsign.uing.ssl.r2y7df.active-one-mores.uk
2366,http://mayfoxmining.com/wp-content/plugins/ubh/imanhalal/,mayfoxmining.com
2367,http://mayfoxmining.com/wp-content/plugins/ubh/imanhalal,mayfoxmining.com
2368,http://irelandsissuesmagazine.com/form1/formpdf/06641a6500e879bf8ee04eb5cd016f31/error.htm,irelandsissuesmagazine.com
2369,http://irelandsissuesmagazine.com/form1/formpdf/06641a6500e879bf8ee04eb5cd016f31/confirm.htm,irelandsissuesmagazine.com
2370,https://www.alliancecreditunion.co.in/group/index.html,www.alliancecreditunion.co.in
2371,http://halibotton.in/hcn/update/cgl/php,halibotton.in
2372,http://halibotton.in/hcn/update/cgl/php/,halibotton.in
2373,http://account-verification-wellsfargosafe-link.com/wiret.html?check=yes&amp;denation=nba/accountopening/applicatstartup/applinow5inpage&amp;update=&amp;cookiecheck=,account-verification-wellsfargosafe-link.com
2374,http://newhopemakassar.co.id/pallmall,newhopemakassar.co.id
2375,http://bgielectrical.co.uk/grace/index.php,bgielectrical.co.uk
2376,http://www.bgielectrical.co.uk/grace/index.php,www.bgielectrical.co.uk
2377,http://aerospacesses.com/drawing/index.php,aerospacesses.com
2378,http://aerospacesses.com/drawing,aerospacesses.com
2379,http://epona.com.mx/js/lib/loginphpsitedomainsns-webmail.php,epona.com.mx
2380,https://www.frankedu.com/include/banner,www.frankedu.com
2381,http://gmcpharma.site.aplus.net/amzlines/762d073e96835565b72aac903e7645f8/index/web/login.php?action=billing_login=true&amp;_session,gmcpharma.site.aplus.net
2382,http://domesmarketing.com/caisseens45.html,domesmarketing.com
2383,https://domesmarketing.com/caisseens45.html,domesmarketing.com
2385,https://forms.gle/NoKyE42b5qkUbGnt9,forms.gle
2386,https://docs.google.com/forms/d/e/1FAIpQLSdxUpqC45v5Krv3e0SKZu03cM214kTmA588B8AFg1StpEsClw/viewform?usp=send_form,docs.google.com
2387,http://www.altunhaliyikama.com.tr/wp-admin/css/colors/ocean/ocean/,www.altunhaliyikama.com.tr
2388,https://storageapi.fleek.co/9ab3c71a-8692-4af9-acd6-0817e23dcef8-bucket/onedrnw.html,storageapi.fleek.co
2389,https://www.profescoin.com/m/,www.profescoin.com
2390,https://www.profescoin.com/,www.profescoin.com
2391,http://83.212.106.222/,83.212.106.222
2392,http://idobeamolax.com/groups/index.php,idobeamolax.com
2393,https://dhlparcel.sps-ocs.co.uk/Login?s=None,dhlparcel.sps-ocs.co.uk
2395,http://sn91892939.byethost15.com/?i=3,sn91892939.byethost15.com
2396,"https://vk.com/away.php?to=http://20.39.209.90?key=Hcirs,email=email@icloud.com&amp;post=94243_1&amp;cc_key",vk.com
2397,"https://vk.com/away.php?to=http://20.40.64.158?key=0uqYr,email=email@yahoo.com&amp;post=94707_1&amp;cc_key",vk.com
2398,"https://vk.com/away.php?to=http://20.40.64.158?key=sbjXm,email=email@yahoo.com&amp;post=31496_1&amp;cc_key",vk.com
2401,"https://vk.com/away.php?to=http://20.40.64.158?key=9bbca,email=star.derrell@yahoo.com&amp;post=43461_1&amp;cc_key",vk.com
2403,https://fax-doc25042022webfax-1311433986.cos.ap-nanjing.myqcloud.com/docss.html#anybody@yourmom.com,fax-doc25042022webfax-1311433986.cos.ap-nanjing.myqcloud.com
2404,https://sites.google.com/view/service-apps-obank/accueil,sites.google.com
2405,https://efax25042022-webapps1-1311433986.cos.ap-chengdu.myqcloud.com/doc.html#test@test.com,efax25042022-webapps1-1311433986.cos.ap-chengdu.myqcloud.com
2406,https://web3dexconnect.com/resolve/index.html,web3dexconnect.com
2409,https://fhbhawai.com/j/m/k/b.php,fhbhawai.com
2410,https://natalsafety.com.br/wp-snp/banco.bradesco/html/classic/promocoes/transforme_sua_casa/,natalsafety.com.br
2411,https://sites.google.com/view/yahookwhjf/home,sites.google.com
2412,https://ethereum2pool.live/#/,ethereum2pool.live
2413,http://www.99mbet.com/assets/js/api.php,www.99mbet.com
2414,https://www.99mbet.com/assets/js/api.php,www.99mbet.com
2415,https://quarantine-2542022app-1311433986.cos.ap-nanjing.myqcloud.com/quarantine.html#,quarantine-2542022app-1311433986.cos.ap-nanjing.myqcloud.com
2416,https://docs.google.com/presentation/d/e/2PACX-1vRl1yLBscaDiunTRKeQ5xE_BZ5zwGfJGAo5ATkKBEidHn_aQQYSpYM3hAgxSQCKaZae7pwdWTGkfkvG/pub?start=false&amp;loop=false&amp;delayms=3000,docs.google.com
2417,https://docs.google.com/presentation/d/e/2PACX-1vQFY0KLC7lMimFUg7xrvApE2JdZ8153ptiOnyG7HT7va1GGm5LoptSquNpGTiwn36I9Y8GgrAt6F7ka/pub?start=false&amp;loop=false&amp;delayms=3000,docs.google.com
2418,https://santander.auth-user-57.com/,santander.auth-user-57.com
2419,https://cornwallsurveyors.co.uk/aa.html,cornwallsurveyors.co.uk
2420,https://bit.do/fT7tn,bit.do
2423,https://magiamgiashopee.com/,magiamgiashopee.com
2424,http://securitynows.com/p/?s=mXrBh,securitynows.com